<?xml version="1.0" encoding="UTF-8"?>

<!--
The expectation is that this metadata XML file will be generated automatically 
(e.g. when the participant initiates submission of a report). 
During development:
* Ensure that the generated XML file has UTF-8 encoding
* Validate the generated XML file against the XSD schema
-->

<ic:report xmlns:ic="urn:us:iarpa:create">

<!-- 
problemId (required): The ID of the problem being analyzed. This is the 
"id" element from the problem metadata xml (also referred to as the problemLabel
in the REST API)
-->
<problemId>artful-deception</problemId>

<!-- 
problemVersion (required): The version of problem being analyzed. This is the 
"version" element from the problem metadata xml
-->
<problemVersion>1.4</problemVersion>

<!-- 
creationTimestamp (required): Time at which this report 
was generated. 
creationTimestamp follows ISO datetime representation 
https://en.wikipedia.org/wiki/ISO_8601. The Z at end indicates 
UTC time.
-->
<creationTimestamp>2017-07-12T16:42:48Z</creationTimestamp>


<!-- 
reportContext (required). Information about the context in which 
the report was generated. The sub-elements can be one 
of the following:

  sampleReport: Indicates that this report is a sample or reference
     The text specifies  info about the sample report (e.g. 
	 "Reference example, prepared by GJ"). No other sub-elements are 
	 required.

Alternatively, if not a sample report, the following sublements are
required:

  condition: one of the following 
         bard, coarg, trace, swarm, choice, ctrl_ind, ctrl_team	
  
  system: one of the following 
         bard, coarg, trace, swarm, ctrl_ind, ctrl_team	  
    system is only meaningful if condition = "choice". If condition 
    is not "choice", system should be same as condition 
  
  block: the block label, e.g., one of the following
         0, 1, 2, 3, 4
		 
  problemMode: one of the following:
         train, practice, test
		 
So all the following are valid:

<reportContext>
  <sampleReport>Reference example, prepared by GJ</sampleReport>
</reportContext>

<reportContext>
 <condition>bard</condition>
 <system>bard</system>
 <block>2</block>
 <problemMode>practice</problemMode>
</reportContext>
-->
<reportContext>
 <condition>choice</condition>
 <system>ctrl_ind</system>
 <block>3</block>
 <problemMode>test</problemMode>
</reportContext>


<!-- 
reportAuthor (required): The participant/team responsible for the report.
 The sub-elements can be one of the following. 
 
  autoSubmit: an empty element. This indicates that the report was
    auto-submitted by the system. This may be omitted in the case of
	explicit submits (i.e., those initiated by a particular participant)
  
  deficientTeam: This indicates that the team was deficient in some way (e.g.,
     too few members, or members in key roles missing). The text can include 
	 information about the precise nature of the deficiency.
  
  userName: the userName of the user submitting the report (e.g., if the 
    user's email johndoe145@createbetterreasoning.com) the value here would
	be "johndoe145". This sub-element be omitted in auto-submit scenarios
	where it isn't possible to associate an individual user (such as the 
    lead) with the auto-submit.
  
  teamId: the ID of the team the user belongs to, as determined 
    from the REST API. This may be omitted in individual conditions
	(trace, ctrl_ind)
 
So all the following are valid:

  <reportAuthor>
    <userName>johndoe145</userName>
    <teamId>59e76f91c9e77c0006173c7c</teamId>  
  </reportAuthor>

  <reportAuthor>
    <userName>johndoe145</userName>	
    <teamId>59e76f91c9e77c0006173c7c</teamId>  
	<deficientTeam>Too few active members</deficientTeam>
  </reportAuthor>
  
  <reportAuthor>
    <userName>johndoe145</userName>
  </reportAuthor>

  <reportAuthor>
	<autoSubmit/>
    <userName>johndoe145</userName>
  </reportAuthor>
  
  <reportAuthor>
	<autoSubmit/>
    <teamId>59e76f91c9e77c0006173c7c</teamId>
  </reportAuthor>  

  <reportAuthor>
    <autoSubmit/>
    <userName>johndoe145</userName>
    <teamId>59e76f91c9e77c0006173c7c</teamId>
  </reportAuthor>
-->
<reportAuthor>
  <userName>johndoe145</userName>
  <teamId>59e76f91c9e77c0006173c7c</teamId>  
</reportAuthor>

  
<!-- 
reportDocument (required): The actual report. Content-type is required
to be application/pdf. Ensure that the PDF does not include any text
identifying the condition or system used to create it. 
-->
<reportDocument content-type="application/pdf" 
 uri="myreport.pdf"/>

<!-- 
supportingDocuments (optional): Optional supporting documents (e.g., visual depiction 
of the hypotheses or arguments). Note that these documents may not be presented
to raters.
-->
<supportingDocuments>
<document id="argumenttree" content-type="application/pdf"
  uri="my_argument_tree.pdf"/>
</supportingDocuments>

</ic:report>
